Date,Name,Weather
2025-01-01,Hannah Lewis,Rainy
2025-01-02,Ian Wilson,Sunny
2025-01-03,Ethan Brown,Foggy
2025-01-04,George Clark,Overcast
2025-01-05,Bob Smith,Windy
2025-01-06,Fiona Davis,Windy
2025-01-07,Charlie Lee,Windy
2025-01-08,Bob Smith,Overcast
2025-01-09,Alice Johnson,Snowy
2025-01-10,Ethan Brown,Sunny
2025-01-11,Alice Johnson,Sunny
2025-01-12,Fiona Davis,Foggy
2025-01-13,Ethan Brown,Snowy
2025-01-14,Ian Wilson,Rainy
2025-01-15,Hannah Lewis,Snowy
2025-01-16,Charlie Lee,Windy
2025-01-17,Ethan Brown,Foggy
2025-01-18,Julia Turner,Snowy
2025-01-19,Ethan Brown,Cloudy
2025-01-20,Charlie Lee,Overcast
2025-01-21,Charlie Lee,Rainy
2025-01-22,George Clark,Snowy
2025-01-23,Charlie Lee,Thunderstorm
2025-01-24,Bob Smith,Overcast
2025-01-25,Julia Turner,Windy
2025-01-26,Fiona Davis,Overcast
2025-01-27,Alice Johnson,Snowy
2025-01-28,Hannah Lewis,Windy
2025-01-29,Diana Patel,Windy
2025-01-30,George Clark,Rainy
2025-01-31,Diana Patel,Snowy
2025-02-01,Diana Patel,Snowy
2025-02-02,George Clark,Cloudy
2025-02-03,Diana Patel,Windy
2025-02-04,Julia Turner,Windy
2025-02-05,Ian Wilson,Sunny
2025-02-06,George Clark,Windy
2025-02-07,Ian Wilson,Windy
2025-02-08,Ethan Brown,Cloudy
2025-02-09,Diana Patel,Thunderstorm
2025-02-10,Diana Patel,Cloudy
2025-02-11,George Clark,Sunny
2025-02-12,Ian Wilson,Cloudy
2025-02-13,Fiona Davis,Foggy
2025-02-14,Ethan Brown,Sunny
2025-02-15,Ethan Brown,Thunderstorm
2025-02-16,Alice Johnson,Rainy
2025-02-17,Julia Turner,Overcast
2025-02-18,Alice Johnson,Thunderstorm
2025-02-19,Bob Smith,Cloudy
2025-02-20,Julia Turner,Sunny
2025-02-21,Bob Smith,Overcast
2025-02-22,George Clark,Thunderstorm
2025-02-23,Bob Smith,Windy
2025-02-24,Charlie Lee,Sunny
2025-02-25,Charlie Lee,Foggy
2025-02-26,George Clark,Thunderstorm
2025-02-27,Ethan Brown,Foggy
2025-02-28,Bob Smith,Overcast
2025-03-01,Bob Smith,Foggy
2025-03-02,Charlie Lee,Windy
2025-03-03,Fiona Davis,Foggy
2025-03-04,Diana Patel,Snowy
2025-03-05,Fiona Davis,Foggy
2025-03-06,Ethan Brown,Snowy
2025-03-07,Diana Patel,Rainy
2025-03-08,Ian Wilson,Rainy
2025-03-09,Ethan Brown,Rainy
2025-03-10,Charlie Lee,Sunny
2025-03-11,Ian Wilson,Rainy
2025-03-12,Fiona Davis,Windy
2025-03-13,Julia Turner,Foggy
2025-03-14,Julia Turner,Thunderstorm
2025-03-15,Alice Johnson,Cloudy
2025-03-16,Julia Turner,Thunderstorm
2025-03-17,George Clark,Windy
2025-03-18,George Clark,Overcast
2025-03-19,Bob Smith,Snowy
2025-03-20,Fiona Davis,Sunny
2025-03-21,Alice Johnson,Rainy
2025-03-22,Hannah Lewis,Rainy
2025-03-23,George Clark,Rainy
2025-03-24,Ian Wilson,Windy
2025-03-25,Charlie Lee,Thunderstorm
2025-03-26,George Clark,Sunny
2025-03-27,Charlie Lee,Snowy
2025-03-28,Ian Wilson,Thunderstorm
2025-03-29,George Clark,Snowy
2025-03-30,Hannah Lewis,Thunderstorm
2025-03-31,Diana Patel,Windy
2025-04-01,Julia Turner,Snowy
2025-04-02,Ian Wilson,Overcast
2025-04-03,Alice Johnson,Rainy
2025-04-04,Fiona Davis,Foggy
2025-04-05,Hannah Lewis,Sunny
2025-04-06,Julia Turner,Sunny
2025-04-07,Julia Turner,Rainy
2025-04-08,Ethan Brown,Overcast
2025-04-09,Julia Turner,Foggy
2025-04-10,Hannah Lewis,Rainy
2025-04-11,Hannah Lewis,Cloudy
2025-04-12,Ian Wilson,Sunny
2025-04-13,Ethan Brown,Sunny
2025-04-14,Charlie Lee,Windy
2025-04-15,Diana Patel,Cloudy
2025-04-16,Hannah Lewis,Thunderstorm
2025-04-17,George Clark,Overcast
2025-04-18,Ian Wilson,Snowy
2025-04-19,Charlie Lee,Snowy
2025-04-20,Julia Turner,Windy
2025-04-21,Hannah Lewis,Windy
2025-04-22,Charlie Lee,Overcast
2025-04-23,Julia Turner,Sunny
2025-04-24,Hannah Lewis,Windy
2025-04-25,Fiona Davis,Sunny
2025-04-26,George Clark,Snowy
2025-04-27,Ethan Brown,Cloudy
2025-04-28,Hannah Lewis,Thunderstorm
2025-04-29,Ethan Brown,Thunderstorm
2025-04-30,Charlie Lee,Rainy
2025-05-01,George Clark,Foggy
2025-05-02,Hannah Lewis,Sunny
2025-05-03,Bob Smith,Windy
2025-05-04,Alice Johnson,Thunderstorm
2025-05-05,Julia Turner,Rainy
2025-05-06,Ian Wilson,Overcast
2025-05-07,Fiona Davis,Foggy
2025-05-08,Ethan Brown,Overcast
2025-05-09,Ethan Brown,Sunny
2025-05-10,Alice Johnson,Windy
2025-05-11,George Clark,Rainy
2025-05-12,Alice Johnson,Windy
2025-05-13,Fiona Davis,Rainy
2025-05-14,Alice Johnson,Overcast
2025-05-15,Alice Johnson,Thunderstorm
2025-05-16,Julia Turner,Thunderstorm
2025-05-17,Hannah Lewis,Cloudy
2025-05-18,Bob Smith,Cloudy
2025-05-19,Charlie Lee,Rainy
2025-05-20,Ian Wilson,Rainy
2025-05-21,Alice Johnson,Foggy
2025-05-22,George Clark,Windy
2025-05-23,Diana Patel,Thunderstorm
2025-05-24,Ian Wilson,Thunderstorm
2025-05-25,George Clark,Thunderstorm
2025-05-26,Charlie Lee,Cloudy
2025-05-27,Fiona Davis,Snowy
2025-05-28,Fiona Davis,Cloudy
2025-05-29,Alice Johnson,Snowy
2025-05-30,Ethan Brown,Thunderstorm
2025-05-31,Julia Turner,Rainy
2025-06-01,Ethan Brown,Rainy
2025-06-02,Fiona Davis,Foggy
2025-06-03,Fiona Davis,Overcast
2025-06-04,Diana Patel,Windy
2025-06-05,Diana Patel,Rainy
2025-06-06,Ethan Brown,Windy
2025-06-07,Ian Wilson,Overcast
2025-06-08,Diana Patel,Foggy
2025-06-09,Ian Wilson,Sunny
2025-06-10,Bob Smith,Overcast
2025-06-11,Ethan Brown,Overcast
2025-06-12,Bob Smith,Thunderstorm
2025-06-13,Bob Smith,Thunderstorm
2025-06-14,Fiona Davis,Foggy
2025-06-15,Alice Johnson,Overcast
2025-06-16,Hannah Lewis,Foggy
2025-06-17,Fiona Davis,Rainy
2025-06-18,Ethan Brown,Rainy
2025-06-19,George Clark,Overcast
2025-06-20,Fiona Davis,Sunny
2025-06-21,Charlie Lee,Snowy
2025-06-22,Julia Turner,Foggy
2025-06-23,George Clark,Windy
2025-06-24,Hannah Lewis,Overcast
2025-06-25,Alice Johnson,Cloudy
2025-06-26,Julia Turner,Foggy
2025-06-27,Ian Wilson,Thunderstorm
2025-06-28,George Clark,Snowy
2025-06-29,Hannah Lewis,Cloudy
2025-06-30,Ethan Brown,Overcast
2025-07-01,Julia Turner,Cloudy
2025-07-02,Bob Smith,Sunny
2025-07-03,Hannah Lewis,Sunny
2025-07-04,Alice Johnson,Cloudy
2025-07-05,Diana Patel,Rainy
2025-07-06,George Clark,Overcast
2025-07-07,Charlie Lee,Rainy
2025-07-08,Ethan Brown,Overcast
2025-07-09,Fiona Davis,Snowy
2025-07-10,Julia Turner,Cloudy
2025-07-11,Diana Patel,Rainy
2025-07-12,Hannah Lewis,Foggy
2025-07-13,Diana Patel,Rainy
2025-07-14,Ethan Brown,Snowy
2025-07-15,Ian Wilson,Rainy
2025-07-16,Julia Turner,Rainy
2025-07-17,Bob Smith,Rainy
2025-07-18,Charlie Lee,Rainy
2025-07-19,Julia Turner,Cloudy
2025-07-20,Bob Smith,Rainy
2025-07-21,Fiona Davis,Cloudy
2025-07-22,Diana Patel,Overcast
2025-07-23,Diana Patel,Snowy
2025-07-24,Fiona Davis,Cloudy
2025-07-25,George Clark,Overcast
2025-07-26,George Clark,Sunny
2025-07-27,George Clark,Sunny
2025-07-28,Diana Patel,Rainy
2025-07-29,Diana Patel,Foggy
2025-07-30,Charlie Lee,Cloudy
2025-07-31,Hannah Lewis,Rainy
2025-08-01,Fiona Davis,Windy
2025-08-02,Hannah Lewis,Thunderstorm
2025-08-03,Fiona Davis,Overcast
2025-08-04,Hannah Lewis,Snowy
2025-08-05,Ethan Brown,Snowy
2025-08-06,Diana Patel,Foggy
2025-08-07,Hannah Lewis,Rainy
2025-08-08,Julia Turner,Foggy
2025-08-09,George Clark,Snowy
2025-08-10,Bob Smith,Sunny
2025-08-11,Diana Patel,Snowy
2025-08-12,Charlie Lee,Thunderstorm
2025-08-13,Charlie Lee,Cloudy
2025-08-14,Fiona Davis,Cloudy
2025-08-15,Ian Wilson,Windy
2025-08-16,Ethan Brown,Thunderstorm
2025-08-17,Ian Wilson,Sunny
2025-08-18,Charlie Lee,Windy
2025-08-19,George Clark,Thunderstorm
2025-08-20,Alice Johnson,Sunny
2025-08-21,Diana Patel,Rainy
2025-08-22,Bob Smith,Thunderstorm
2025-08-23,George Clark,Sunny
2025-08-24,Ethan Brown,Thunderstorm
2025-08-25,Ethan Brown,Windy
2025-08-26,Diana Patel,Sunny
2025-08-27,Charlie Lee,Snowy
2025-08-28,Bob Smith,Windy
2025-08-29,Bob Smith,Foggy
2025-08-30,Diana Patel,Snowy
2025-08-31,Hannah Lewis,Overcast
2025-09-01,Fiona Davis,Overcast
2025-09-02,Alice Johnson,Overcast
2025-09-03,Bob Smith,Overcast
2025-09-04,Bob Smith,Snowy
2025-09-05,Ethan Brown,Overcast
2025-09-06,Ethan Brown,Overcast
2025-09-07,Bob Smith,Thunderstorm
2025-09-08,Diana Patel,Overcast
2025-09-09,Julia Turner,Sunny
2025-09-10,Alice Johnson,Foggy
2025-09-11,Hannah Lewis,Overcast
2025-09-12,Ian Wilson,Rainy
2025-09-13,Charlie Lee,Snowy
2025-09-14,Bob Smith,Thunderstorm
2025-09-15,George Clark,Foggy
2025-09-16,Alice Johnson,Windy
2025-09-17,Fiona Davis,Windy
2025-09-18,Hannah Lewis,Thunderstorm
2025-09-19,George Clark,Thunderstorm
2025-09-20,Fiona Davis,Sunny
2025-09-21,Ian Wilson,Overcast
2025-09-22,Ethan Brown,Sunny
2025-09-23,Julia Turner,Sunny
2025-09-24,Alice Johnson,Foggy
2025-09-25,Ian Wilson,Rainy
2025-09-26,Bob Smith,Foggy
2025-09-27,George Clark,Foggy
2025-09-28,Bob Smith,Windy
2025-09-29,Bob Smith,Thunderstorm
2025-09-30,George Clark,Rainy
2025-10-01,Hannah Lewis,Thunderstorm
2025-10-02,Hannah Lewis,Cloudy
2025-10-03,Ian Wilson,Thunderstorm
2025-10-04,Hannah Lewis,Rainy
2025-10-05,Ian Wilson,Windy
2025-10-06,Hannah Lewis,Cloudy
2025-10-07,Julia Turner,Overcast
2025-10-08,Fiona Davis,Sunny
2025-10-09,Fiona Davis,Thunderstorm
2025-10-10,Charlie Lee,Rainy
2025-10-11,Ethan Brown,Rainy
2025-10-12,Fiona Davis,Foggy
2025-10-13,Hannah Lewis,Snowy
2025-10-14,Hannah Lewis,Rainy
2025-10-15,Ethan Brown,Sunny
2025-10-16,Julia Turner,Thunderstorm
2025-10-17,Alice Johnson,Foggy
2025-10-18,Ethan Brown,Foggy
2025-10-19,Ethan Brown,Cloudy
2025-10-20,George Clark,Cloudy
2025-10-21,Julia Turner,Cloudy
2025-10-22,Ian Wilson,Thunderstorm
2025-10-23,Charlie Lee,Rainy
2025-10-24,Hannah Lewis,Foggy
2025-10-25,George Clark,Sunny
2025-10-26,Julia Turner,Thunderstorm
2025-10-27,Diana Patel,Snowy
2025-10-28,Alice Johnson,Windy
2025-10-29,Fiona Davis,Cloudy
2025-10-30,Charlie Lee,Overcast
2025-10-31,Hannah Lewis,Rainy
2025-11-01,Julia Turner,Cloudy
2025-11-02,George Clark,Windy
2025-11-03,Charlie Lee,Snowy
2025-11-04,Diana Patel,Snowy
2025-11-05,George Clark,Windy
2025-11-06,Hannah Lewis,Windy
2025-11-07,George Clark,Thunderstorm
2025-11-08,Bob Smith,Windy
2025-11-09,Diana Patel,Snowy
2025-11-10,Julia Turner,Thunderstorm
2025-11-11,Charlie Lee,Rainy
2025-11-12,Charlie Lee,Windy
2025-11-13,Charlie Lee,Thunderstorm
2025-11-14,Alice Johnson,Cloudy
2025-11-15,Julia Turner,Windy
2025-11-16,Ethan Brown,Overcast
2025-11-17,Hannah Lewis,Cloudy
2025-11-18,George Clark,Snowy
2025-11-19,Charlie Lee,Cloudy
2025-11-20,Fiona Davis,Thunderstorm
2025-11-21,Ian Wilson,Snowy
2025-11-22,George Clark,Snowy
2025-11-23,Hannah Lewis,Foggy
2025-11-24,Diana Patel,Thunderstorm
2025-11-25,Bob Smith,Sunny
2025-11-26,Hannah Lewis,Foggy
2025-11-27,Hannah Lewis,Rainy
2025-11-28,Fiona Davis,Windy
2025-11-29,Charlie Lee,Overcast
2025-11-30,Fiona Davis,Thunderstorm
2025-12-01,Diana Patel,Sunny
2025-12-02,Ethan Brown,Snowy
2025-12-03,Ian Wilson,Cloudy
2025-12-04,Ian Wilson,Cloudy
2025-12-05,Ian Wilson,Cloudy
2025-12-06,Hannah Lewis,Thunderstorm
2025-12-07,Hannah Lewis,Windy
2025-12-08,Diana Patel,Sunny
2025-12-09,Diana Patel,Rainy
2025-12-10,Alice Johnson,Sunny
2025-12-11,Alice Johnson,Rainy
2025-12-12,Fiona Davis,Thunderstorm
2025-12-13,Diana Patel,Sunny
2025-12-14,George Clark,Snowy
2025-12-15,Hannah Lewis,Sunny
2025-12-16,Bob Smith,Foggy
2025-12-17,Charlie Lee,Snowy
2025-12-18,Fiona Davis,Rainy
2025-12-19,George Clark,Rainy
2025-12-20,Ian Wilson,Cloudy
2025-12-21,Alice Johnson,Foggy
2025-12-22,George Clark,Overcast
2025-12-23,Hannah Lewis,Cloudy
2025-12-24,Charlie Lee,Windy
2025-12-25,Julia Turner,Windy
2025-12-26,George Clark,Cloudy
2025-12-27,Ethan Brown,Overcast
2025-12-28,Fiona Davis,Sunny
2025-12-29,Diana Patel,Overcast
2025-12-30,Fiona Davis,Snowy
2025-12-31,Fiona Davis,Rainy
