Date,Nr Used Entrances,Temperature (mean),Precipitation (sum),Vacation,Event,Campaign
2023-01-02,3642,9.5,8.1,0,0,0
2023-01-03,6626,4.8,0.2,0,0,0
2023-01-04,3881,10.0,20.1,0,0,0
2023-01-05,7012,9.0,3.0,0,0,0
2023-01-06,5810,9.0,2.0,0,0,0
2023-01-07,5972,9.5,0.3,0,0,0
2023-01-08,4180,8.3,0.2,0,0,0
2023-01-09,232,5.8,3.8,0,0,0
2023-01-10,286,5.6,4.6,0,0,0
2023-01-11,501,8.9,9.4,0,0,0
2023-01-12,128,9.4,20.0,0,0,0
2023-01-13,242,7.3,0.7,0,0,0
2023-01-14,647,7.3,16.3,0,0,0
2023-01-15,1379,5.5,6.4,0,0,0
2023-01-16,116,3.7,5.8,0,0,0
2023-01-17,338,1.7,2.1,0,0,0
2023-01-18,574,0.3,2.4,0,0,0
2023-01-19,286,2.0,0.6,0,0,0
2023-01-20,462,-0.5,0.0,0,0,0
2023-01-21,1699,-0.4,0.0,0,0,0
2023-01-22,2321,0.4,0.0,0,0,0
2023-01-23,418,2.4,0.0,0,0,0
2023-01-24,301,1.1,0.0,0,0,0
2023-01-25,492,-1.6,0.0,0,0,0
2023-01-26,386,2.6,0.9,0,0,0
2023-01-27,555,3.0,0.0,0,0,0
2023-01-28,2101,1.6,0.0,0,0,0
2023-01-29,2742,3.3,0.0,0,0,0
2023-01-30,664,5.9,3.2,Winter Holiday,0,0
2023-01-31,464,5.3,4.4,Winter Holiday,0,0
2023-02-01,477,5.5,5.6,Winter Holiday,0,0
2023-02-02,578,5.9,9.3,Palm Sunday; Winter Holiday,0,0
2023-02-03,601,8.4,0.5,Winter Holiday,0,0
2023-02-04,2365,5.3,0.0,Winter Holiday,0,0
2023-02-05,2764,5.2,2.7,Winter Holiday,0,0
2023-02-06,805,2.9,0.0,0,0,0
2023-02-07,562,-0.8,0.0,0,0,0
2023-02-08,1104,-0.5,0.0,0,0,0
2023-02-09,545,1.5,0.2,0,0,0
2023-02-10,843,3.6,0.0,0,0,0
2023-02-11,2061,7.3,0.0,0,0,0
2023-02-12,3319,7.0,0.0,0,0,0
2023-02-13,752,6.8,0.0,0,0,0
2023-02-14,866,4.2,0.0,0,0,0
2023-02-15,1190,4.2,0.0,0,0,0
2023-02-16,456,6.5,1.3,0,0,0
2023-02-17,557,9.5,1.6,0,0,0
2023-02-18,1406,9.0,4.3,Spring Holiday,0,0
2023-02-19,3163,6.9,2.6,Spring Holiday,0,0
2023-02-20,1067,7.3,0.5,Spring Holiday,0,0
2023-02-21,829,9.4,0.7,Spring Holiday,0,0
2023-02-22,1415,8.2,5.2,Spring Holiday,0,0
2023-02-23,689,6.7,0.6,Spring Holiday,0,0
2023-02-24,872,3.9,6.7,Spring Holiday,0,0
2023-02-25,2628,3.5,0.5,Spring Holiday,0,0
2023-02-26,4389,1.5,0.0,Spring Holiday,0,0
2023-02-27,3415,1.5,0.0,0,0,0
2023-02-28,3447,2.0,0.5,0,0,0
2023-03-01,4801,0.6,0.0,0,0,0
2023-03-02,3875,1.2,0.0,0,0,0
2023-03-03,4015,3.0,0.0,0,0,0
2023-03-04,3045,5.2,0.6,0,0,0
2023-03-05,2911,3.6,0.9,0,0,0
2023-03-06,578,2.8,4.6,0,0,0
2023-03-07,380,2.4,3.7,0,0,0
2023-03-08,1049,0.8,0.2,0,0,0
2023-03-09,376,1.2,6.7,0,0,0
2023-03-10,276,0.9,16.6,0,0,0
2023-03-11,1959,0.4,0.0,0,0,0
2023-03-12,1832,3.9,1.2,0,0,0
2023-03-13,397,11.8,3.2,0,0,0
2023-03-14,480,6.4,5.8,0,0,0
2023-03-15,1248,3.5,0.1,0,0,0
2023-03-16,465,5.5,0.6,0,0,0
2023-03-17,1079,10.8,0.3,0,0,0
2023-03-18,2943,11.4,5.2,0,0,0
2023-03-19,3790,9.9,2.2,0,0,0
2023-03-20,698,8.0,0.6,0,0,0
2023-03-21,625,10.0,2.0,0,0,0
2023-03-22,983,10.2,1.9,0,0,0
2023-03-23,621,11.5,6.5,0,0,0
2023-03-24,926,10.9,5.3,0,0,0
2023-03-25,1852,8.5,11.6,0,0,0
2023-03-26,3848,6.3,0.0,0,0,0
2023-03-27,1306,3.8,1.7,Spring Holiday,0,0
2023-03-28,1081,4.3,0.6,Spring Holiday,0,0
2023-03-29,1843,8.5,1.3,Spring Holiday,0,0
2023-03-30,889,11.8,2.6,Spring Holiday,0,0
2023-03-31,510,10.0,12.7,Spring Holiday,0,0
2023-04-01,1518,8.7,8.8,Spring Holiday,0,0
2023-04-02,4619,4.9,0.0,Spring Holiday,0,0
2023-04-03,2219,3.7,0.0,Spring Holiday,0,0
2023-04-04,2152,3.5,0.0,Spring Holiday,0,0
2023-04-05,3549,3.8,0.0,Spring Holiday,0,0
2023-04-06,2211,5.6,5.8,Spring Holiday,0,0
2023-04-07,3850,8.0,5.1,Good Friday; Spring Holiday,0,0
2023-04-08,4426,7.2,0.0,Spring Holiday,0,0
2023-04-09,5140,9.8,0.0,Easter Sunday; Spring Holiday,0,0
2023-04-10,5310,10.5,3.4,Easter Monday; Spring Holiday,0,0
2023-04-11,1869,8.1,3.0,0,0,0
2023-04-12,903,7.9,9.9,0,0,0
2023-04-13,1488,7.3,5.5,0,0,0
2023-04-14,3070,7.7,0.3,0,0,0
2023-04-15,3763,7.4,1.1,0,0,0
2023-04-16,4307,9.3,2.1,0,0,0
2023-04-17,1400,10.2,0.4,0,0,0
2023-04-18,1704,9.0,0.1,0,0,0
2023-04-19,2084,9.1,0.0,0,0,0
2023-04-20,1400,8.3,2.0,0,0,0
2023-04-21,1311,13.0,6.2,0,0,0
2023-04-22,3558,12.6,8.8,May Holiday,0,0
2023-04-23,4652,11.5,6.1,May Holiday,0,0
2023-04-24,1435,8.8,10.5,May Holiday,0,0
2023-04-25,2861,6.4,1.2,May Holiday,0,0
2023-04-26,3860,5.3,0.9,May Holiday,0,0
2023-04-27,3711,6.3,0.0,King's Day; May Holiday,Kingsnight Festival Assen; Kingsnight Festival Groningen,0
2023-04-28,2823,9.8,2.6,May Holiday,King's Day Celebration Assen; King's Day Celebration Groningen,0
2023-04-29,5317,10.4,0.0,May Holiday,0,0
2023-04-30,6950,9.2,0.0,May Holiday,0,0
2023-05-01,6995,11.4,0.0,May Holiday,0,0
2023-05-02,4659,8.5,1.2,May Holiday,0,0
2023-05-03,5810,8.4,0.0,May Holiday,0,0
2023-05-04,5555,11.5,0.0,May Holiday,0,0
2023-05-05,3349,13.4,8.5,Liberation Day; May Holiday,0,0
2023-05-06,4774,13.0,2.8,May Holiday,0,0
2023-05-07,3992,14.0,0.1,May Holiday,0,0
2023-05-08,1580,14.5,5.7,0,0,0
2023-05-09,628,15.0,10.7,0,0,0
2023-05-10,1031,13.6,5.2,0,0,0
2023-05-11,796,12.6,15.4,0,0,0
2023-05-12,1523,15.7,0.4,0,0,0
2023-05-13,3840,15.9,0.0,0,Assen Motorcycle Market,0
2023-05-14,4064,14.7,0.0,0,0,0
2023-05-15,1008,12.6,0.4,0,0,0
2023-05-16,1311,10.2,0.9,0,0,0
2023-05-17,1988,9.0,0.1,0,0,0
2023-05-18,6791,9.5,0.0,Ascension Day,0,0
2023-05-19,6664,12.2,0.0,0,0,0
2023-05-20,4979,14.6,0.0,0,0,0
2023-05-21,4653,17.0,1.5,0,0,0
2023-05-22,1035,18.3,3.2,0,0,0
2023-05-23,1232,12.3,0.1,0,0,0
2023-05-24,1700,11.0,0.1,0,0,0
2023-05-25,1899,11.2,0.1,0,0,0
2023-05-26,1486,11.0,0.0,0,0,0
2023-05-27,4315,13.3,0.0,0,0,0
2023-05-28,7139,14.1,0.0,Pentecost Sunday,0,0
2023-05-29,7673,11.3,0.0,Pentecost Monday,0,0
2023-05-30,2538,12.4,0.2,Summer Holiday,0,0
2023-05-31,1357,14.0,0.0,Summer Holiday,0,0
2023-06-01,2036,11.9,0.0,Summer Holiday,0,0
2023-06-02,1643,14.0,0.0,Summer Holiday,0,0
2023-06-03,7114,14.5,0.0,Summer Holiday,0,0
2023-06-04,8451,14.1,0.0,Summer Holiday,0,0
2023-06-05,1880,13.9,0.0,Summer Holiday,0,0
2023-06-06,1751,14.6,0.0,Summer Holiday,0,0
2023-06-07,1845,14.5,0.0,Summer Holiday,0,0
2023-06-08,1590,15.8,0.0,Corpus Christi; Summer Holiday,0,0
2023-06-09,4827,19.7,0.0,Summer Holiday,0,0
2023-06-10,2655,20.4,0.0,Summer Holiday,0,0
2023-06-11,2384,23.2,0.0,Summer Holiday,0,0
2023-06-12,734,21.9,0.0,Summer Holiday,0,0
2023-06-13,1224,20.3,0.0,Summer Holiday,0,0
2023-06-14,2067,19.4,0.0,Summer Holiday,0,0
2023-06-15,1256,19.5,0.0,Summer Holiday,0,0
2023-06-16,1722,19.0,0.0,Summer Holiday,0,0
2023-06-17,3125,19.2,0.0,Summer Holiday,0,0
2023-06-18,3133,21.5,1.7,Summer Holiday,0,0
2023-06-19,1428,21.6,0.3,Summer Holiday,0,0
2023-06-20,1160,21.7,5.3,Summer Holiday,0,0
2023-06-21,1639,21.1,0.6,Summer Holiday,0,0
2023-06-22,1720,19.5,10.9,Summer Holiday,0,0
2023-06-23,2167,19.3,12.4,Summer Holiday,TT Assen MotoGP,0
2023-06-24,4101,20.5,0.1,Summer Holiday,TT Assen MotoGP,0
2023-06-25,2972,23.2,0.0,Summer Holiday,TT Assen MotoGP,0
2023-06-26,2585,20.0,0.4,Summer Holiday,0,0
2023-06-27,2398,17.4,0.5,Summer Holiday,0,0
2023-06-28,2581,16.4,0.9,Summer Holiday,0,0
2023-06-29,2050,19.3,2.9,Summer Holiday,0,0
2023-06-30,2611,17.6,0.3,Summer Holiday,0,0
2023-07-01,2785,17.2,7.5,Summer Holiday,0,0
2023-07-02,5786,16.6,0.8,Summer Holiday,0,0
2023-07-03,2742,16.0,3.6,Summer Holiday,0,0
2023-07-04,2188,16.2,0.7,Summer Holiday,0,0
2023-07-05,471,14.6,13.5,Summer Holiday,0,0
2023-07-06,2972,16.1,0.8,Summer Holiday,0,0
2023-07-07,2061,19.6,0.0,Summer Holiday,Noorderzon Festival Groningen,0
2023-07-08,2598,23.4,0.0,Summer Holiday,Noorderzon Festival Groningen,0
2023-07-09,2078,24.4,6.5,Summer Holiday,0,0
2023-07-10,2678,20.5,1.8,Summer Holiday,0,0
2023-07-11,2161,22.4,0.1,Summer Holiday,0,0
2023-07-12,3735,18.7,5.4,Summer Holiday,0,0
2023-07-13,2497,17.3,6.2,Summer Holiday,0,0
2023-07-14,3723,18.7,1.0,Summer Holiday,Drentse Fiets4Daagse Assen,0
2023-07-15,3431,22.3,1.9,Summer Holiday,0,0
2023-07-16,6147,18.6,2.9,Summer Holiday,0,0
2023-07-17,3372,17.0,6.4,Summer Holiday,0,0
2023-07-18,4489,17.9,0.2,Summer Holiday,0,0
2023-07-19,3506,17.4,3.8,Summer Holiday,0,0
2023-07-20,4500,16.3,0.7,Summer Holiday,0,0
2023-07-21,3460,15.5,2.8,Summer Holiday,0,0
2023-07-22,3542,15.0,5.7,Summer Holiday,0,0
2023-07-23,3271,16.8,7.1,Summer Holiday,0,0
2023-07-24,3463,17.8,8.0,Summer Holiday,0,0
2023-07-25,8485,15.0,0.1,Summer Holiday,0,0
2023-07-26,5178,14.9,2.1,Summer Holiday,0,0
2023-07-27,2255,16.1,17.7,Summer Holiday,0,0
2023-07-28,4995,19.6,5.6,Summer Holiday,0,0
2023-07-29,4420,18.4,3.4,Summer Holiday,0,0
2023-07-30,5630,16.7,1.5,Summer Holiday,0,0
2023-07-31,2540,16.9,18.8,Summer Holiday,0,0
2023-08-01,3326,16.5,3.2,Summer Holiday,0,0
2023-08-02,3465,16.4,12.9,Summer Holiday,0,0
2023-08-03,4125,17.2,11.1,Summer Holiday,0,0
2023-08-04,5672,16.2,1.8,Summer Holiday,0,0
2023-08-05,4609,14.9,4.6,Summer Holiday,0,0
2023-08-06,3965,15.6,3.3,Summer Holiday,0,0
2023-08-07,4675,14.8,1.8,Summer Holiday,0,0
2023-08-08,5009,15.1,1.1,Summer Holiday,0,0
2023-08-09,8272,15.5,0.1,Summer Holiday,0,0
2023-08-10,7760,15.6,0.0,Summer Holiday,0,0
2023-08-11,4840,20.4,0.4,Summer Holiday,0,0
2023-08-12,3089,19.2,7.0,Summer Holiday,0,0
2023-08-13,6970,18.5,0.4,Summer Holiday,0,0
2023-08-14,5286,19.5,0.0,Summer Holiday,0,0
2023-08-15,5224,19.8,1.3,Summer Holiday,0,0
2023-08-16,6389,17.4,0.0,Summer Holiday,0,0
2023-08-17,5570,17.9,0.1,Summer Holiday,0,0
2023-08-18,3525,20.2,0.0,Summer Holiday,Summer Carnival Groningen,0
2023-08-19,3623,21.5,8.6,Summer Holiday,0,0
2023-08-20,4661,19.7,0.0,Summer Holiday,0,0
2023-08-21,3742,19.0,0.0,Summer Holiday,0,0
2023-08-22,3924,19.3,0.2,Summer Holiday,0,0
2023-08-23,5337,18.6,0.0,Summer Holiday,0,0
2023-08-24,3874,19.6,1.0,Summer Holiday,0,0
2023-08-25,3413,19.3,9.2,Summer Holiday,Bluesnight Festival Groningen,0
2023-08-26,4453,16.5,4.3,Summer Holiday,0,0
2023-08-27,3550,15.0,6.9,Summer Holiday,0,0
2023-08-28,3876,15.3,0.7,Summer Holiday,0,0
2023-08-29,4947,14.6,2.1,Summer Holiday,0,0
2023-08-30,2869,13.7,7.2,Summer Holiday,0,0
2023-08-31,3424,13.5,3.1,Summer Holiday,0,0
2023-09-01,3110,14.7,0.1,0,0,0
2023-09-02,4319,16.6,1.8,0,Assen Autumn Fair,0
2023-09-03,7114,16.0,0.0,0,0,0
2023-09-04,1957,17.4,0.0,0,0,0
2023-09-05,1465,20.8,0.0,0,0,0
2023-09-06,1520,21.8,0.0,0,0,0
2023-09-07,1164,22.1,0.0,0,0,0
2023-09-08,1095,22.6,0.0,0,0,0
2023-09-09,2712,21.5,0.0,0,0,0
2023-09-10,2549,21.1,0.0,0,0,0
2023-09-11,1065,22.7,0.0,0,0,0
2023-09-12,1315,19.6,4.2,0,0,0
2023-09-13,1991,15.7,17.4,0,0,0
2023-09-14,2356,13.8,0.0,0,0,0
2023-09-15,1941,14.6,0.0,0,0,0
2023-09-16,4433,17.2,0.0,0,0,0
2023-09-17,5358,18.0,7.8,0,0,0
2023-09-18,1067,19.0,5.2,0,0,0
2023-09-19,897,16.4,0.7,0,0,0
2023-09-20,1742,18.7,0.4,0,0,0
2023-09-21,1038,18.2,16.2,0,0,0
2023-09-22,1864,14.5,2.8,0,0,0
2023-09-23,3313,13.0,2.9,0,0,0
2023-09-24,6163,13.8,0.0,0,0,0
2023-09-25,1411,15.7,0.0,0,0,0
2023-09-26,2073,15.8,0.0,0,0,0
2023-09-27,2146,17.3,0.0,0,0,0
2023-09-28,1784,18.0,0.0,0,0,0
2023-09-29,2421,17.1,1.1,0,0,0
2023-09-30,4673,15.2,0.2,0,0,0
2023-10-01,6373,16.9,0.0,0,0,0
2023-10-02,3817,18.2,0.0,Autumn Holiday,0,0
2023-10-03,2188,16.1,1.5,Day of German Unity; Autumn Holiday,UTOPIA Music Festival Groningen,0
2023-10-04,2374,14.5,0.5,Autumn Holiday,0,0
2023-10-05,1425,14.7,1.2,Autumn Holiday,0,0
2023-10-06,1783,15.7,0.0,Autumn Holiday,0,0
2023-10-07,6733,17.4,1.1,Autumn Holiday,0,0
2023-10-08,4874,13.9,5.9,Autumn Holiday,0,0
2023-10-09,1139,15.9,2.2,Autumn Holiday,0,0
2023-10-10,2368,17.2,0.0,Autumn Holiday,0,0
2023-10-11,1727,17.4,7.4,Autumn Holiday,0,0
2023-10-12,1128,14.1,19.3,Autumn Holiday,0,0
2023-10-13,859,17.7,23.5,Autumn Holiday,0,0
2023-10-14,3060,11.5,4.9,Autumn Holiday,0,0
2023-10-15,3790,7.9,0.3,Autumn Holiday,0,0
2023-10-16,2141,8.4,0.1,Autumn Holiday,0,0
2023-10-17,3529,6.8,0.0,Autumn Holiday,0,0
2023-10-18,3499,7.7,0.4,Autumn Holiday,0,0
2023-10-19,1727,10.7,12.3,Autumn Holiday,0,0
2023-10-20,772,8.0,23.1,Autumn Holiday,0,0
2023-10-21,2956,13.1,1.7,Autumn Holiday,0,0
2023-10-22,4288,12.2,3.4,Autumn Holiday,0,0
2023-10-23,4982,9.7,0.7,Autumn Holiday,0,0
2023-10-24,2918,11.4,4.3,Autumn Holiday,0,0
2023-10-25,5117,10.0,4.5,Autumn Holiday,0,0
2023-10-26,3468,9.5,0.3,Autumn Holiday,0,0
2023-10-27,2662,9.0,9.5,Autumn Holiday,Groningen Museum Night,0
2023-10-28,3372,10.0,4.0,Autumn Holiday,0,0
2023-10-29,3489,12.5,7.4,0,0,0
2023-10-30,2199,11.6,4.1,0,0,0
2023-10-31,1374,10.4,20.5,Reformation Day,0,0
2023-11-01,1168,11.5,2.9,0,0,0
2023-11-02,565,11.3,6.4,0,0,0
2023-11-03,810,9.2,8.5,0,0,0
2023-11-04,1773,9.0,5.0,0,0,0
2023-11-05,2235,9.8,3.2,0,0,0
2023-11-06,631,9.2,0.1,0,0,0
2023-11-07,670,8.5,1.8,0,0,0
2023-11-08,746,8.7,3.3,0,0,0
2023-11-09,360,9.6,14.9,0,0,0
2023-11-10,447,7.4,4.6,0,0,0
2023-11-11,1482,6.5,2.0,0,Sinterklaas Arrival Groningen,0
2023-11-12,3558,5.5,1.0,0,0,0
2023-11-13,423,7.1,5.9,0,0,0
2023-11-14,376,10.5,8.0,0,0,0
2023-11-15,429,8.7,10.5,0,0,0
2023-11-16,677,6.1,0.4,0,0,0
2023-11-17,810,3.5,0.4,0,Christmas Market Emmen,0
2023-11-18,1203,5.5,9.9,0,0,0
2023-11-19,1841,10.9,15.9,0,0,0
2023-11-20,444,9.8,7.9,0,0,0
2023-11-21,626,6.8,3.0,0,0,0
2023-11-22,592,2.8,0.3,Day of Prayer and Repentance,0,0
2023-11-23,442,10.6,1.0,0,0,0
2023-11-24,415,5.4,7.0,0,0,0
2023-11-25,1461,3.7,2.7,0,0,0
2023-11-26,1800,3.7,3.1,0,0,0
2023-11-27,200,2.7,12.3,0,0,0
2023-11-28,520,0.4,1.0,0,0,0
2023-11-29,361,0.2,4.6,0,0,0
2023-11-30,248,-1.4,0.1,0,0,0
2023-12-01,396,-2.9,0.0,0,0,0
2023-12-02,974,-1.3,0.8,0,0,0
2023-12-03,1113,-0.5,0.4,0,0,0
2023-12-04,224,1.1,5.9,0,0,0
2023-12-05,151,0.6,2.5,0,0,0
2023-12-06,331,1.7,1.2,0,0,0
2023-12-07,337,1.2,0.0,0,0,0
2023-12-08,309,3.0,2.7,0,0,0
2023-12-09,1158,7.2,10.2,0,0,0
2023-12-10,1451,8.3,14.0,0,0,0
2023-12-11,271,7.8,4.0,0,0,0
2023-12-12,277,5.4,4.5,0,0,0
2023-12-13,289,6.5,4.7,0,0,0
2023-12-14,341,4.1,0.0,0,0,0
2023-12-15,490,5.4,0.4,0,Christmas Market Groningen,0
2023-12-16,1177,6.8,0.0,0,Winter Wonderland Assen,0
2023-12-17,2035,8.5,0.0,0,0,0
2023-12-18,1564,7.0,0.4,0,0,0
2023-12-19,123,7.5,13.8,0,0,0
2023-12-20,318,6.6,8.3,0,0,0
2023-12-21,287,8.3,7.9,Christmas Holiday,0,0
2023-12-22,540,5.8,2.6,Christmas Holiday,0,0
2023-12-23,735,7.0,17.6,Christmas Holiday,0,0
2023-12-24,889,10.3,11.4,Christmas Holiday,0,0
2023-12-25,1157,9.7,6.3,Christmas Day; Christmas Holiday,0,0
2023-12-26,6215,7.4,6.8,St. Stephen's Day; Christmas Holiday,0,0
2023-12-27,5794,4.6,3.4,Christmas Holiday,0,0
2023-12-28,7826,9.8,0.5,Christmas Holiday,0,0
2023-12-29,6399,8.4,12.0,Christmas Holiday,0,0
2023-12-30,8313,6.5,0.0,Christmas Holiday,0,0
2024-01-02,2701,8.5,23.5,Christmas Holiday,0,0
2024-01-03,5477,8.3,5.5,Christmas Holiday,0,0
2024-01-04,8797,4.7,1.6,Christmas Holiday,0,0
2024-01-05,4341,5.1,12.1,Christmas Holiday,0,0
2024-01-06,8185,1.0,0.9,Christmas Holiday,0,0
2024-01-07,4747,-1.1,0.0,Christmas Holiday,0,0
2024-01-08,267,-2.3,0.0,0,0,0
2024-01-09,249,-4.4,0.0,0,0,0
2024-01-10,361,-4.3,0.0,0,0,0
2024-01-11,238,-2.1,0.0,0,0,0
2024-01-12,329,1.4,0.0,0,0,0
2024-01-13,1348,3.7,0.0,0,0,0
2024-01-14,1967,3.2,2.7,0,0,0
2024-01-15,147,1.4,0.7,0,0,0
2024-01-16,205,-0.4,0.6,0,0,0
2024-01-17,369,-1.6,0.0,0,0,0
2024-01-18,331,-1.8,0.0,0,0,0
2024-01-19,387,0.3,0.1,0,0,0
2024-01-20,1397,-0.2,0.0,0,0,0
2024-01-21,1973,2.7,0.1,0,0,0
2024-01-22,220,8.2,11.3,0,0,0
2024-01-23,291,6.8,4.0,0,0,0
2024-01-24,426,9.4,3.9,0,0,0
2024-01-25,406,6.0,0.4,0,0,0
2024-01-26,335,7.5,5.9,0,0,0
2024-01-27,2387,3.4,0.0,0,0,0
2024-01-28,4008,3.6,0.0,0,0,0
2024-01-29,735,6.0,0.0,0,0,0
2024-01-30,522,7.7,0.6,0,0,0
2024-01-31,643,5.7,0.2,0,0,0
2024-02-01,890,5.9,3.9,0,0,0
2024-02-02,988,7.3,2.0,0,0,0
2024-02-03,2010,9.8,1.3,0,0,0
2024-02-04,2404,8.4,3.9,0,0,0
2024-02-05,699,9.5,0.1,0,0,Yes
2024-02-06,399,9.7,10.6,0,0,Yes
2024-02-07,720,4.1,3.0,0,0,Yes
2024-02-08,692,1.4,7.3,0,0,Yes
2024-02-09,361,7.9,11.5,0,0,Yes
2024-02-10,2134,9.6,0.9,0,0,Yes
2024-02-11,2358,8.2,1.9,0,0,Yes
2024-02-12,1463,5.7,0.2,Spring Vacation,0,Yes
2024-02-13,1201,5.3,0.3,Spring Vacation,0,Yes
2024-02-14,1085,9.9,8.7,Spring Vacation,0,Yes
2024-02-15,756,11.9,4.6,Spring Vacation,0,Yes
2024-02-16,1226,10.9,2.1,Spring Vacation,0,Yes
2024-02-17,3871,8.2,0.0,0,0,Yes
2024-02-18,1574,8.5,20.0,0,0,Yes
2024-02-19,3292,8.1,2.4,Spring Vacation,0,Yes
2024-02-20,4570,7.4,0.3,Spring Vacation,0,Yes
2024-02-21,3316,8.9,5.4,Spring Vacation,0,Yes
2024-02-22,2273,10.3,3.0,Spring Vacation,0,Yes
2024-02-23,3265,5.1,2.5,Spring Vacation,0,Yes
2024-02-24,3246,3.9,3.0,0,0,Yes
2024-02-25,3472,4.6,2.1,0,0,Yes
2024-02-26,839,3.8,0.0,Spring Vacation,0,0
2024-02-27,686,2.8,0.0,Spring Vacation,0,0
2024-02-28,1043,4.1,0.0,Spring Vacation,0,0
2024-02-29,328,7.0,4.4,Spring Vacation,0,0
2024-03-01,864,8.3,0.0,Spring Vacation,0,0
2024-03-02,2963,9.1,0.2,0,0,0
2024-03-03,5318,9.6,0.0,0,0,0
2024-03-04,634,6.4,0.3,0,0,0
2024-03-05,429,7.6,1.2,0,0,0
2024-03-06,774,6.3,0.0,0,0,0
2024-03-07,788,4.0,0.0,0,0,0
2024-03-08,1115,4.0,0.0,0,0,0
2024-03-09,3086,5.5,0.0,0,0,0
2024-03-10,4218,7.4,0.0,0,0,0
2024-03-11,476,7.4,2.9,0,0,0
2024-03-12,421,7.1,0.3,0,0,0
2024-03-13,913,9.3,0.2,0,0,0
2024-03-14,1290,11.8,0.0,0,0,0
2024-03-15,519,12.0,3.6,0,0,0
2024-03-16,2879,8.2,2.5,0,0,0
2024-03-17,3791,6.8,0.1,0,0,0
2024-03-18,864,9.4,2.7,0,0,Yes
2024-03-19,1208,10.0,0.2,0,0,Yes
2024-03-20,2191,11.1,0.0,0,0,Yes
2024-03-21,1116,9.2,2.1,0,0,Yes
2024-03-22,677,9.3,2.3,0,0,Yes
2024-03-23,2508,5.8,1.9,0,0,Yes
2024-03-24,1734,5.5,11.3,0,0,Yes
2024-03-25,2454,6.3,0.5,0,0,0
2024-03-26,3720,7.9,0.0,0,0,0
2024-03-27,2482,8.8,0.9,0,0,0
2024-03-28,1812,7.6,2.4,0,0,0
2024-03-29,4401,9.9,1.7,Good Friday,0,0
2024-03-30,5038,11.3,4.1,0,0,0
2024-03-31,5233,10.0,10.1,Easter Sunday,0,0
2024-04-01,2549,9.1,7.2,Easter Monday,0,Yes
2024-04-02,2258,9.2,0.8,0,0,Yes
2024-04-03,818,9.7,8.5,0,0,Yes
2024-04-04,796,10.5,8.2,0,0,Yes
2024-04-05,1087,12.9,6.8,0,0,Yes
2024-04-06,5246,17.1,0.0,0,0,Yes
2024-04-07,4259,16.4,2.4,0,0,Yes
2024-04-08,1165,14.5,2.1,0,0,0
2024-04-09,772,12.4,0.5,0,0,0
2024-04-10,2653,10.7,0.8,0,0,0
2024-04-11,960,12.7,3.4,0,0,0
2024-04-12,1480,14.8,0.0,0,0,0
2024-04-13,4882,16.2,0.0,0,0,0
2024-04-14,4661,11.2,0.0,0,0,0
2024-04-15,621,7.5,14.4,0,0,0
2024-04-16,635,6.4,4.7,0,0,0
2024-04-17,982,5.9,5.1,0,0,0
2024-04-18,1592,6.5,0.5,0,0,0
2024-04-19,859,7.4,13.2,0,0,0
2024-04-20,2336,6.3,6.3,0,0,0
2024-04-21,4437,5.4,2.9,0,0,0
2024-04-22,1545,4.9,1.1,0,0,0
2024-04-23,2544,4.6,1.6,0,0,0
2024-04-24,1823,5.6,4.8,0,0,0
2024-04-25,1421,5.8,4.0,0,0,0
2024-04-26,1716,7.6,4.0,0,Kingsnight Festival Groningen,0
2024-04-28,4613,13.6,0.4,0,0,0
2024-04-29,3907,12.5,0.0,0,0,0
2024-04-30,5005,16.7,0.8,0,0,0
2024-05-01,7232,19.1,0.0,Labour Day,0,0
2024-05-02,4405,19.1,0.8,0,0,0
2024-05-03,3340,12.9,1.0,0,0,0
2024-05-04,4982,12.2,3.5,0,0,0
2024-05-05,3066,11.4,6.6,Liberation Day,0,0
2024-05-06,3921,12.5,0.0,0,0,0
2024-05-07,3948,12.9,0.7,0,0,0
2024-05-08,5095,12.3,0.6,0,0,0
2024-05-09,8269,12.7,0.0,Ascension Day,0,0
2024-05-10,7109,13.6,0.0,0,0,0
2024-05-11,4791,14.5,0.0,0,Assen Motorcycle Market,0
2024-05-12,4347,16.8,0.0,0,0,0
2024-05-13,1072,19.4,0.0,0,0,Yes
2024-05-14,1368,20.5,0.0,0,0,Yes
2024-05-15,1392,19.8,0.0,0,0,Yes
2024-05-16,1486,17.6,6.9,0,0,Yes
2024-05-17,1306,17.8,0.2,0,0,Yes
2024-05-18,3731,17.7,0.3,0,Emmen City Festival,Yes
2024-05-19,6422,16.6,2.1,Whit Sunday,0,Yes
2024-05-20,5776,16.3,2.6,Whit Monday,0,Yes
2024-05-21,2878,18.1,3.5,0,0,Yes
2024-05-22,1049,16.4,4.2,0,0,Yes
2024-05-23,2097,15.3,0.8,0,0,Yes
2024-05-24,1348,17.0,0.8,0,0,Yes
2024-05-25,5885,16.7,3.7,May Vacation,0,Yes
2024-05-26,8236,17.0,1.3,May Vacation,0,Yes
2024-05-27,1601,15.3,7.2,0,0,Yes
2024-05-28,2221,14.3,6.5,0,0,Yes
2024-05-29,877,14.7,17.8,0,0,Yes
2024-05-30,2082,14.7,1.6,Corpus Christi,0,Yes
2024-05-31,2020,14.6,0.5,0,0,Yes
2024-06-01,4267,17.4,1.5,May Vacation,0,Yes
2024-06-02,5414,14.8,0.0,May Vacation,0,Yes
2024-06-03,1213,13.9,0.4,Pentecost Vacation,0,Yes
2024-06-04,1237,15.9,4.0,Pentecost Vacation,0,Yes
2024-06-05,1808,13.3,2.0,Pentecost Vacation,0,Yes
2024-06-06,1629,12.0,0.2,Pentecost Vacation,0,Yes
2024-06-07,1572,12.3,2.1,Pentecost Vacation,0,Yes
2024-06-08,3864,13.2,2.0,May Vacation,0,Yes
2024-06-09,5419,12.0,0.4,May Vacation,0,Yes
2024-06-10,721,11.3,23.1,0,0,Yes
2024-06-11,1394,11.5,5.2,0,0,Yes
2024-06-12,1570,10.9,1.3,0,0,Yes
2024-06-13,1898,12.4,0.2,Summer Vacation,0,Yes
2024-06-14,2930,14.9,3.7,Summer Vacation,0,Yes
2024-06-15,3140,14.8,11.2,Summer Vacation,0,Yes
2024-06-16,3008,14.3,8.3,Summer Vacation,0,Yes
2024-06-17,1752,15.4,1.1,Summer Vacation,0,Yes
2024-06-18,1720,14.9,8.2,Summer Vacation,0,Yes
2024-06-19,2485,14.7,1.0,Summer Vacation,0,Yes
2024-06-20,2311,14.8,1.6,Summer Vacation,0,Yes
2024-06-21,1693,16.9,8.9,Summer Vacation,0,Yes
2024-06-22,4479,16.3,0.9,Summer Vacation,0,Yes
2024-06-23,5401,17.2,0.2,Summer Vacation,0,Yes
2024-06-24,2439,17.7,0.0,Summer Vacation,0,Yes
2024-06-25,1676,20.4,0.0,Summer Vacation,0,Yes
2024-06-26,1367,22.4,0.0,Summer Vacation,0,Yes
2024-06-27,1236,23.6,0.2,Summer Vacation,0,Yes
2024-06-28,3315,17.9,0.1,Summer Vacation,TT Assen MotoGP,Yes
2024-06-29,4225,18.2,0.2,Summer Vacation,TT Assen MotoGP,Yes
2024-06-30,4600,17.8,4.9,Summer Vacation,TT Assen MotoGP,Yes
2024-07-01,1502,15.2,9.4,Summer Vacation,0,Yes
2024-07-02,1698,14.0,3.1,Summer Vacation,0,Yes
2024-07-03,1211,13.0,4.2,Summer Vacation,0,Yes
2024-07-04,2726,14.9,2.7,Summer Vacation,0,Yes
2024-07-05,2084,15.0,0.9,Summer Vacation,Noorderzon Festival Groningen,Yes
2024-07-06,3006,17.1,0.6,Summer Vacation,0,Yes
2024-07-07,5008,14.7,1.5,Summer Vacation,0,Yes
2024-07-08,3592,16.6,1.5,Summer Vacation,0,Yes
2024-07-09,2157,21.6,4.0,Summer Vacation,0,Yes
2024-07-10,2962,19.5,0.9,Summer Vacation,0,Yes
2024-07-11,3953,17.2,0.2,Summer Vacation,0,Yes
2024-07-12,1965,14.5,18.9,Summer Vacation,Drentse Fiets4Daagse Assen,Yes
2024-07-13,2936,14.8,6.5,Summer Vacation,0,Yes
2024-07-14,6219,15.8,1.5,Summer Vacation,0,Yes
2024-07-15,3282,18.3,0.0,Summer Vacation,0,Yes
2024-07-16,2928,17.9,18.2,Summer Vacation,0,Yes
2024-07-17,5024,17.4,2.5,Summer Vacation,0,Yes
2024-07-18,4039,18.6,0.1,Summer Vacation,0,Yes
2024-07-19,2252,21.2,0.0,Summer Vacation,0,Yes
2024-07-20,2518,23.0,0.0,Summer Vacation,0,Yes
2024-07-21,3141,21.5,19.0,Summer Vacation,0,Yes
2024-07-22,5272,18.6,0.7,Summer Vacation,0,0
2024-07-23,2799,18.4,10.3,Summer Vacation,0,0
2024-07-24,7730,16.7,0.4,Summer Vacation,0,0
2024-07-25,5590,17.4,1.8,Summer Vacation,0,0
2024-07-26,3440,18.8,3.6,Summer Vacation,0,0
2024-07-27,4525,18.0,1.2,Summer Vacation,0,0
2024-07-28,5859,17.7,0.6,Summer Vacation,0,0
2024-07-29,4436,17.5,0.0,Summer Vacation,0,0
2024-07-30,2850,20.7,0.0,Summer Vacation,0,0
2024-07-31,3530,19.8,0.0,Summer Vacation,0,0
2024-08-01,4783,17.9,1.3,Summer Vacation,0,0
2024-08-02,4115,18.2,0.0,Summer Vacation,0,0
2024-08-03,4193,19.0,7.0,Summer Vacation,0,0
2024-08-04,5884,17.4,0.7,Summer Vacation,0,0
2024-08-05,4350,18.1,0.0,Summer Vacation,0,0
2024-08-06,2175,20.5,0.0,Summer Vacation,0,0
2024-08-07,4707,18.9,3.1,Summer Vacation,0,0
2024-08-08,6190,18.8,0.5,Summer Vacation Make-up Day,0,0
2024-08-09,3451,19.6,3.9,Summer Vacation,0,0
2024-08-10,5188,18.6,0.8,Summer Vacation,0,0
2024-08-11,4433,20.0,0.0,Summer Vacation,0,0
2024-08-12,1598,20.9,0.0,Summer Vacation,0,0
2024-08-13,1642,22.5,12.0,Summer Vacation,0,0
2024-08-14,3974,21.6,8.8,Summer Vacation,0,0
2024-08-15,6472,21.0,0.5,Summer Vacation,0,0
2024-08-16,2802,19.2,23.7,Summer Vacation,Summer Carnival Groningen,0
2024-08-17,5258,18.2,0.1,Summer Vacation,0,0
2024-08-18,5173,17.9,0.0,Summer Vacation,0,0
2024-08-19,4673,16.7,0.0,Summer Vacation,0,0
2024-08-20,3709,19.2,13.2,Summer Vacation,0,0
2024-08-21,5753,16.1,8.9,Summer Vacation,0,0
2024-08-22,4654,18.0,0.0,Summer Vacation,0,0
2024-08-23,3535,19.5,0.5,Summer Vacation,Bluesnight Festival Groningen,0
2024-08-24,3892,20.6,4.3,Summer Vacation,0,0
2024-08-25,5087,16.4,2.3,Summer Vacation,0,0
2024-08-26,4051,16.5,0.5,Summer Vacation,0,0
2024-08-27,4226,17.7,0.0,Summer Vacation,0,0
2024-08-28,2075,20.5,0.0,Summer Vacation,0,0
2024-08-29,2151,21.3,0.3,Summer Vacation,0,0
2024-08-30,3382,17.1,0.0,Summer Vacation,0,0
2024-08-31,4401,17.1,0.0,Summer Vacation,Assen Autumn Fair,0
2024-09-01,4034,20.2,0.0,Summer Vacation,0,0
2024-09-02,1172,21.7,0.4,0,0,0
2024-09-03,1793,20.9,0.4,0,0,0
2024-09-04,984,18.0,6.5,0,0,0
2024-09-05,2261,22.3,0.0,0,0,0
2024-09-06,1636,21.8,0.8,0,0,0
2024-09-07,3820,19.9,0.0,0,Groningen Ontzettend Nederlands Festival,0
2024-09-08,4468,19.7,0.3,0,0,0
2024-09-09,1724,15.9,1.0,0,0,0
2024-09-10,1505,14.5,8.1,0,0,0
2024-09-11,946,11.2,13.3,0,0,0
2024-09-12,1396,9.5,1.9,0,0,0
2024-09-13,1996,11.3,0.2,0,0,0
2024-09-14,3771,11.9,0.0,0,0,0
2024-09-15,5180,12.9,0.0,0,0,0
2024-09-16,1483,14.9,0.9,0,0,0
2024-09-17,1732,16.4,0.0,0,0,0
2024-09-18,2593,16.4,0.0,0,0,0
2024-09-19,1901,16.7,0.1,0,0,0
2024-09-20,2183,17.6,0.0,0,0,0
2024-09-21,5462,16.5,0.0,0,0,0
2024-09-22,6542,16.2,0.0,0,0,0
2024-09-23,947,16.0,3.7,0,0,0
2024-09-24,2250,14.8,2.9,0,0,0
2024-09-25,1155,13.7,4.6,0,0,0
2024-09-26,907,15.2,10.8,0,0,0
2024-09-27,1127,12.7,23.6,0,0,0
2024-09-28,3043,10.4,0.7,0,0,0
2024-09-29,5921,10.1,0.0,0,0,0
2024-09-30,956,11.5,9.3,0,0,0
2024-10-01,347,12.8,4.5,0,UTOPIA Music Festival Groningen,0
2024-10-02,1084,11.0,0.3,Autumn Vacation,0,0
2024-10-03,3347,9.9,0.0,Autumn Vacation,0,0
2024-10-04,2218,8.8,0.0,German Unity Day,0,0
2024-10-05,4512,8.2,0.0,Autumn Vacation,0,0
2024-10-06,4769,9.9,0.0,Autumn Vacation,0,0
2024-10-07,1872,13.8,2.2,Autumn Vacation,0,0
2024-10-08,1669,15.2,5.3,Autumn Vacation,0,0
2024-10-09,1602,13.8,7.9,Autumn Vacation,0,0
2024-10-10,981,11.5,6.6,Autumn Vacation,0,0
2024-10-11,1658,8.2,0.2,Autumn Vacation,0,0
2024-10-12,3905,8.2,0.0,Autumn Vacation,0,0
2024-10-13,3729,10.0,5.0,Autumn Vacation,0,0
2024-10-14,1349,7.7,0.3,Autumn Vacation,0,Yes
2024-10-15,2209,7.6,0.0,Autumn Vacation,0,Yes
2024-10-16,3736,13.2,0.0,Autumn Vacation,0,Yes
2024-10-17,1969,15.8,0.1,Autumn Vacation,0,Yes
2024-10-18,2040,16.2,1.3,Autumn Vacation,0,Yes
2024-10-19,2878,14.1,7.1,Autumn Vacation,0,Yes
2024-10-20,4707,14.6,1.0,Autumn Vacation,0,Yes
2024-10-21,1718,14.4,3.7,Autumn Vacation,0,Yes
2024-10-22,2246,11.7,8.5,Autumn Vacation,0,Yes
2024-10-23,2793,10.2,0.1,Autumn Vacation,0,Yes
2024-10-24,2751,10.3,0.0,Autumn Vacation,0,Yes
2024-10-25,2217,12.4,0.0,Autumn Vacation,Groningen Museum Night,Yes
2024-10-26,4258,13.0,0.0,Autumn Vacation,0,Yes
2024-10-27,5245,12.4,0.6,Autumn Vacation,0,Yes
2024-10-28,3696,11.3,2.2,Autumn Vacation,0,Yes
2024-10-29,3953,13.1,2.5,Autumn Vacation,0,Yes
2024-10-30,6783,12.6,0.1,Autumn Vacation,0,Yes
2024-10-31,7004,10.9,0.0,Reformation Day,0,Yes
2024-11-01,6060,11.0,0.0,Autumn Vacation,0,Yes
2024-11-02,4453,9.7,0.0,Autumn Vacation,0,Yes
2024-11-03,4722,4.5,0.0,Autumn Vacation,0,Yes
2024-11-04,1190,6.4,0.0,0,0,0
2024-11-05,755,5.5,0.0,0,0,0
2024-11-06,813,4.7,0.0,0,0,0
2024-11-07,573,5.5,0.0,0,0,0
2024-11-08,794,4.8,0.0,0,0,0
2024-11-09,2187,6.8,0.0,0,0,0
2024-11-10,2903,8.1,0.5,0,0,0
2024-11-11,470,8.8,6.5,0,0,0
2024-11-12,646,7.8,0.3,0,0,0
2024-11-13,721,8.1,0.0,0,0,0
2024-11-14,647,10.3,0.1,0,0,0
2024-11-15,787,8.6,0.0,0,0,0
2024-11-16,2106,8.4,1.7,0,Sinterklaas Arrival Groningen,0
2024-11-17,2250,6.1,2.5,0,0,0
2024-11-18,711,3.9,3.8,0,0,0
2024-11-19,195,2.2,14.3,0,0,0
2024-11-20,363,1.5,2.2,0,0,0
2024-11-21,327,0.7,1.1,0,0,0
2024-11-22,354,1.1,2.8,0,Christmas Market Emmen,0
2024-11-23,1142,2.8,9.8,0,0,0
2024-11-24,2639,13.3,3.4,0,0,0
2024-11-25,242,13.3,4.0,0,0,0
2024-11-26,507,6.9,1.8,0,0,0
2024-11-27,141,6.0,8.7,0,0,0
2024-11-28,671,6.1,4.3,0,0,0
2024-11-29,660,3.1,0.0,0,0,0
2024-11-30,1531,2.5,0.0,0,0,0
2024-12-01,1642,5.0,0.0,0,0,0
2024-12-02,265,8.4,1.7,0,0,0
2024-12-03,332,6.0,0.6,0,0,0
2024-12-04,424,3.3,0.7,0,0,0
2024-12-05,121,4.7,7.8,0,0,0
2024-12-06,238,7.8,14.2,0,0,0
2024-12-07,720,6.9,2.8,0,0,0
2024-12-08,1720,5.7,1.4,0,0,0
2024-12-09,289,5.3,1.1,0,0,0
2024-12-10,250,4.8,0.0,0,0,0
2024-12-11,469,3.7,0.1,0,0,0
2024-12-12,287,4.0,0.2,0,0,0
2024-12-13,452,1.9,0.0,0,Christmas Market Groningen,0
2024-12-14,1052,2.7,0.8,0,Winter Wonderland Assen,0
2024-12-15,1361,6.8,0.1,0,0,0
2024-12-16,322,10.0,0.2,0,0,Yes
2024-12-17,327,7.8,0.7,0,0,Yes
2024-12-18,251,9.8,1.2,0,0,Yes
2024-12-19,127,8.2,10.8,0,0,Yes
2024-12-20,546,5.1,0.1,0,0,Yes
2024-12-21,3009,7.0,4.9,Christmas Vacation,0,Yes
2024-12-22,3542,4.1,8.9,Christmas Vacation,0,Yes
2024-12-23,5089,4.9,1.0,Christmas Vacation,0,0
2024-12-24,3068,4.0,1.8,Christmas Vacation,0,0
2024-12-25,1009,8.0,0.0,Christmas Day,0,0
2024-12-26,6114,7.3,0.0,Boxing Day,0,0
2024-12-27,8280,3.7,0.0,Christmas Vacation,0,0
2024-12-28,8019,-0.4,0.0,Christmas Vacation,0,0
2024-12-29,10646,2.9,0.0,Christmas Vacation,0,0
2024-12-30,8119,6.0,0.0,Christmas Vacation,0,0
2025-01-02,10116,3.2,0.3,Christmas Vacation,0,0
2025-01-03,7146,1.1,1.5,Christmas Vacation,0,0
2025-01-04,7478,0.2,0.0,Christmas Vacation,0,0
2025-01-05,1632,2.8,14.9,Christmas Vacation,0,0
2025-01-06,5,9.3,4.9,Christmas Vacation,0,Yes
2025-01-07,186,3.4,0.3,0,0,Yes
2025-01-08,504,1.9,2.2,0,0,Yes
2025-01-09,200,1.0,0.8,0,0,Yes
2025-01-10,249,1.2,6.3,0,0,Yes
2025-01-11,1464,0.4,0.2,0,0,Yes
2025-01-12,2247,1.0,0.0,0,0,Yes
2025-01-13,237,-0.4,0.0,0,0,Yes
2025-01-14,284,2.1,0.1,0,0,Yes
2025-01-15,349,5.8,0.0,0,0,Yes
2025-01-16,601,4.1,0.0,0,0,Yes
2025-01-17,518,0.2,0.0,0,0,Yes
2025-01-18,1732,-1.2,0.0,0,0,Yes
2025-01-19,2261,-1.8,0.0,0,0,Yes
2025-01-20,309,-1.3,0.0,0,0,Yes
2025-01-21,347,-0.4,0.0,0,0,Yes
2025-01-22,446,1.4,3.1,0,0,Yes
2025-01-23,323,4.3,5.5,0,0,Yes
2025-01-24,325,6.7,5.2,0,0,Yes
2025-01-25,1285,5.6,6.0,0,0,Yes
2025-01-26,3439,3.0,2.8,0,0,Yes
2025-01-27,518,8.1,6.7,0,0,Yes
2025-01-28,475,7.4,1.1,0,0,Yes
2025-01-29,438,6.6,4.1,0,0,Yes
2025-01-30,330,4.1,3.2,0,0,Yes
2025-01-31,854,2.1,0.0,0,0,Yes
2025-02-01,2292,0.1,0.0,0,0,Yes
2025-02-02,3547,-1.1,0.0,0,0,Yes
2025-02-03,1063,-0.6,0.0,0,0,Yes
2025-02-04,487,1.0,0.0,0,0,Yes
2025-02-05,592,4.4,0.0,0,0,Yes
2025-02-06,549,2.7,0.0,0,0,Yes
2025-02-07,600,1.9,0.0,0,0,Yes
2025-02-08,1809,2.6,0.0,0,0,Yes
2025-02-09,3328,2.7,0.1,0,0,Yes
2025-02-10,672,1.8,0.0,0,0,Yes
2025-02-11,243,1.8,7.5,0,0,Yes
2025-02-12,232,1.0,3.0,0,0,Yes
2025-02-13,279,-1.3,0.5,0,0,Yes
2025-02-14,849,0.1,0.0,0,0,Yes
2025-02-15,1874,0.6,0.1,Spring Holiday,0,Yes
2025-02-16,2652,-0.6,0.0,Spring Holiday,0,Yes
2025-02-17,1923,-1.7,0.0,Spring Holiday,0,Yes
2025-02-18,1888,-2.3,0.0,Spring Holiday,0,Yes
2025-02-19,2538,0.1,0.0,Spring Holiday,0,Yes
2025-02-20,2155,3.8,0.8,Spring Holiday,0,Yes
2025-02-21,4938,11.8,0.0,Spring Holiday,0,Yes
2025-02-22,2887,10.2,2.4,Spring Holiday,0,Yes
2025-02-23,4500,9.1,0.0,Spring Holiday,0,Yes
2025-02-24,713,10.5,3.6,Spring Holiday,0,0
2025-02-25,1211,8.2,0.2,Spring Holiday,0,0
2025-02-26,1878,6.8,5.3,Spring Holiday,0,0
2025-02-27,671,4.8,6.2,Spring Holiday,0,0
2025-02-28,1452,3.8,0.2,Spring Holiday,0,0
2025-03-01,2657,3.7,0.0,Spring Holiday,0,0
2025-03-02,3942,1.6,0.0,Spring Holiday,0,0
2025-03-03,1866,2.3,0.0,Spring Holiday,0,0
2025-03-04,1237,3.4,0.0,Spring Holiday,0,0
2025-03-05,1630,6.1,0.0,Spring Holiday,0,0
2025-03-06,1554,7.6,0.0,Spring Holiday,0,0
2025-03-07,1833,10.1,0.0,Spring Holiday,0,0
2025-03-08,4501,10.2,0.0,Spring Holiday,0,0
2025-03-09,5434,9.5,0.0,Spring Holiday,0,0
2025-03-10,1103,7.1,0.0,0,0,0
2025-03-11,535,4.9,0.1,0,0,0
2025-03-12,671,3.8,0.5,0,0,0
2025-03-13,514,2.3,0.6,0,0,0
2025-03-14,710,2.3,0.5,0,0,0
2025-03-15,2749,2.9,0.0,0,0,0
2025-03-16,3986,2.9,0.1,0,0,0
2025-03-17,784,3.4,0.0,0,0,0
2025-03-18,824,3.0,0.0,0,0,0
2025-03-19,1419,5.6,0.0,0,0,0
2025-03-20,1070,9.4,0.0,0,0,0
2025-03-21,1754,11.6,0.0,0,0,0
2025-03-22,4059,12.5,0.0,0,0,0
2025-03-23,3541,10.6,42.1,0,0,0
2025-03-24,883,10.3,0.1,0,0,0
2025-03-25,685,8.3,0.8,0,0,0
2025-03-26,950,7.5,0.4,0,0,0
2025-03-27,1198,7.1,0.0,0,0,0
2025-03-28,2363,8.9,0.3,0,0,0
2025-03-29,3753,8.5,0.1,0,0,0
2025-03-30,3558,8.9,1.8,0,0,0
2025-03-31,1411,7.8,0.0,0,0,Yes
2025-04-01,1057,7.8,0.0,0,0,Yes
2025-04-02,1598,10.1,0.0,0,0,Yes
2025-04-03,1358,12.1,0.0,0,0,Yes
2025-04-04,1575,12.4,0.0,0,0,Yes
2025-04-05,3513,8.3,0.0,0,0,Yes
2025-04-06,4217,6.2,0.0,0,0,Yes
2025-04-07,1601,6.6,0.0,0,0,Yes
2025-04-08,1570,7.5,0.0,0,0,Yes
2025-04-09,2459,7.3,0.1,0,0,Yes
2025-04-10,1359,9.1,0.0,0,0,Yes
2025-04-11,1709,11.2,0.0,0,0,Yes
2025-04-12,4734,13.9,0.0,0,0,Yes
2025-04-13,3383,14.6,1.8,0,0,Yes
2025-04-14,3278,12.5,0.1,Palm Sunday,0,Yes
2025-04-15,3423,15.1,4.3,0,0,Yes
2025-04-16,2953,11.7,5.5,0,0,Yes
2025-04-17,2038,9.7,2.2,0,0,Yes
2025-04-18,3080,9.0,3.0,Good Friday,0,Yes
2025-04-19,3970,9.2,0.0,May Holiday,0,Yes
2025-04-20,5218,9.3,0.0,Easter Sunday,0,Yes
2025-04-21,3830,10.8,5.5,Easter Monday,0,Yes
2025-04-22,3609,11.7,1.6,0,0,Yes
2025-04-23,3550,11.8,3.4,0,0,Yes
2025-04-24,1360,10.2,11.9,0,0,Yes
2025-04-25,3925,10.3,0.4,0,Kingsnight Festival Groningen,Yes
2025-04-26,2962,11.9,0.0,King's Day; May Holiday,King's Day Celebration Groningen; King's Day Celebration Assen,Yes
2025-04-27,4142,13.1,0.0,May Holiday,0,Yes
2025-04-28,3711,13.2,0.0,0,0,0
2025-04-29,4858,13.8,0.0,0,0,0
2025-04-30,5388,16.0,0.0,0,0,0
2025-05-01,5433,19.1,0.0,Labour Day,0,0
2025-05-02,4819,17.0,1.8,0,0,0
2025-05-03,5473,11.6,0.0,May Holiday,0,0
2025-05-04,4703,9.6,0.4,May Holiday,0,0
2025-05-05,3651,8.7,0.1,Liberation Day; May Holiday,0,Yes
2025-05-06,1346,8.9,0.3,May Holiday,0,Yes
2025-05-07,1593,11.3,0.6,May Holiday,0,Yes
2025-05-08,1653,12.4,0.0,May Holiday,0,Yes
2025-05-09,1393,12.5,0.0,May Holiday,0,Yes
2025-05-10,3567,13.3,0.0,May Holiday,Assen Motorcycle Market,Yes
2025-05-11,3912,16.9,0.0,May Holiday,0,Yes
2025-05-12,1063,16.6,0.0,0,0,0
2025-05-13,1532,15.4,0.0,0,0,0
2025-05-14,1543,13.7,0.0,0,0,0
2025-05-15,1355,12.7,0.0,0,0,0
2025-05-16,1493,12.1,0.0,0,0,0
2025-05-17,3997,13.4,0.4,0,Emmen City Festival,0
2025-05-18,4009,13.3,0.4,0,0,0
2025-05-19,1361,14.5,0.0,0,0,0
2025-05-20,1399,15.4,0.0,0,0,0
2025-05-21,1438,13.1,0.0,0,0,0
2025-05-22,1159,10.8,1.0,0,0,0
2025-05-23,1011,9.9,2.4,0,0,0
2025-05-24,5635,11.2,1.9,0,0,0
2025-05-25,5515,14.9,12.3,0,0,0
2025-05-26,1774,14.1,1.3,0,0,0
2025-05-27,1146,14.3,10.8,0,0,0
2025-05-28,1782,14.3,8.9,0,0,0
2025-05-29,4962,13.0,2.3,Ascension Day,0,0
2025-05-30,7320,17.4,0.7,0,0,0
2025-05-31,5826,18.6,0.0,0,0,0
2025-06-01,4363,17.4,5.2,0,0,0
2025-06-02,1088,14.6,0.3,0,0,0
2025-06-03,2128,16.3,0.0,0,0,0
2025-06-04,1497,16.1,0.4,0,0,0
2025-06-05,879,14.2,3.7,0,0,0
2025-06-06,1443,15.2,8.3,0,0,0
2025-06-07,2626,13.2,10.1,0,0,0
2025-06-08,3792,12.0,14.7,Pentecost Sunday,0,0
2025-06-09,7254,13.3,1.4,Pentecost Monday,0,0
2025-06-10,2087,13.8,6.0,0,0,0
2025-06-11,2400,13.9,0.2,0,0,0
2025-06-12,1488,16.9,0.0,0,0,0
2025-06-13,3666,22.1,0.0,0,0,0
2025-06-14,1845,23.5,0.7,0,0,0
2025-06-15,3567,18.3,1.2,0,0,0
2025-06-16,1909,17.5,0.3,0,0,Yes
2025-06-17,1907,18.6,0.0,0,0,Yes
2025-06-18,1392,19.2,0.0,0,0,Yes
2025-06-19,3165,16.5,0.0,0,0,Yes
2025-06-20,2346,16.4,0.0,0,0,Yes
2025-06-21,2272,21.8,0.0,0,0,Yes
2025-06-22,1682,23.2,3.1,0,0,Yes
2025-06-23,1571,17.8,1.6,0,0,Yes
2025-06-24,2208,17.5,2.6,0,0,Yes
2025-06-25,2471,20.1,0.9,0,0,Yes
2025-06-26,1282,19.0,13.4,Summer Holiday,0,Yes
2025-06-27,2370,17.3,3.6,Summer Holiday,TT Assen MotoGP,Yes
2025-06-28,3699,20.6,0.5,Summer Holiday,TT Assen MotoGP,Yes
2025-06-29,3352,20.6,0.3,Summer Holiday,TT Assen MotoGP,Yes
2025-06-30,1685,18.9,0.0,Summer Holiday,0,Yes
2025-07-01,1013,24.4,0.0,Summer Holiday,0,Yes
2025-07-02,475,24.9,5.2,Summer Holiday,0,Yes
2025-07-03,2576,17.4,0.8,Summer Holiday,0,Yes
2025-07-04,2082,17.5,0.0,Summer Holiday,Noorderzon Festival Groningen,Yes
2025-07-05,3981,18.4,0.2,Summer Holiday,0,Yes
2025-07-06,2748,17.4,21.3,Summer Holiday,0,Yes
2025-07-07,1878,14.9,18.7,Summer Holiday,0,Yes
2025-07-08,2382,14.8,1.2,Summer Holiday,0,Yes
2025-07-09,3086,16.4,0.6,Summer Holiday,0,Yes
2025-07-10,2731,16.7,2.1,Summer Holiday,0,Yes
2025-07-11,2336,17.9,1.1,Summer Holiday,Drentse Fiets4Daagse Assen,Yes
2025-07-12,3863,18.4,0.2,Summer Holiday,0,Yes
2025-07-13,4603,18.7,1.4,Summer Holiday,0,Yes
2025-07-14,3001,19.0,0.2,Summer Holiday,0,Yes
2025-07-15,4039,18.4,1.0,Summer Holiday,0,Yes
2025-07-16,2424,16.3,6.4,Summer Holiday,0,Yes
2025-07-17,4020,17.4,2.1,Summer Holiday,0,Yes
2025-07-18,3510,19.0,0.4,Summer Holiday,0,Yes
2025-07-19,4836,21.7,0.0,Summer Holiday,0,Yes
2025-07-20,3942,21.1,17.9,Summer Holiday,0,Yes
2025-07-21,4354,18.4,7.9,Summer Holiday,0,0
2025-07-22,3813,17.3,3.5,Summer Holiday,0,0
2025-07-23,6680,18.7,0.9,Summer Holiday,0,0
2025-07-24,5753,18.7,0.0,Summer Holiday,0,0
2025-07-25,5208,18.6,2.6,Summer Holiday,0,0
2025-07-26,5977,18.0,2.4,Summer Holiday,0,0
2025-07-27,5948,17.3,2.1,Summer Holiday,0,0
2025-07-28,4828,16.4,1.6,Summer Holiday,0,0
2025-07-29,7377,15.8,0.7,Summer Holiday,0,0
2025-07-30,8339,16.0,0.1,Summer Holiday,0,0
2025-07-31,6513,17.3,1.0,Summer Holiday,0,0
2025-08-01,3107,15.8,8.8,Summer Holiday,0,0
2025-08-02,3980,15.5,8.0,Summer Holiday,0,0
2025-08-03,6021,16.9,4.1,Summer Holiday,0,0
2025-08-04,4765,18.7,3.0,Summer Holiday,0,0
2025-08-05,5265,16.1,1.2,Summer Holiday,0,0
2025-08-06,8198,15.9,0.6,Summer Holiday,0,0
2025-08-07,6857,18.0,0.0,Summer Holiday,0,0
2025-08-08,5145,19.4,0.8,Summer Holiday,0,0
2025-08-09,4776,18.2,0.0,Summer Holiday,0,0
2025-08-10,5871,17.8,0.0,Summer Holiday,0,0
2025-08-11,5270,18.5,0.0,Summer Holiday,0,0
2025-08-12,3055,21.6,0.1,Summer Holiday,0,0
2025-08-13,1985,23.8,0.0,Summer Holiday,0,0
2025-08-14,2191,24.1,0.0,Summer Holiday,0,0
2025-08-15,2726,21.4,0.0,Summer Holiday,Summer Carnival Groningen,0
2025-08-16,5612,18.2,0.1,Summer Holiday,0,0
2025-08-17,6015,16.5,0.5,Summer Holiday,0,0
2025-08-18,3877,17.5,0.0,Summer Holiday,0,Yes
2025-08-19,3500,17.8,0.0,Summer Holiday,0,Yes
2025-08-20,5018,17.6,0.2,Summer Holiday,0,Yes
2025-08-21,5901,15.4,0.1,Summer Holiday,0,Yes
2025-08-22,4737,14.8,0.3,Summer Holiday,Bluesnight Festival Groningen,Yes
2025-08-23,4622,14.5,0.1,Summer Holiday,0,Yes
2025-08-24,5759,13.8,0.1,Summer Holiday,0,Yes
2025-08-25,3102,15.1,0.1,Summer Holiday,0,Yes
2025-08-26,2171,17.9,1.7,Summer Holiday,0,Yes
2025-08-27,2930,19.6,0.0,Summer Holiday,0,Yes
2025-08-28,1864,18.9,0.7,Summer Holiday,0,Yes
2025-08-29,1838,17.3,4.0,Summer Holiday,0,Yes
2025-08-30,3882,17.0,0.6,Summer Holiday,Assen Autumn Fair,Yes
2025-08-31,3653,18.8,1.2,Summer Holiday,0,Yes
2025-09-01,1269,17.1,17.9,0,0,0
2025-09-02,2391,16.9,0.3,0,0,0
2025-09-03,1732,18.8,1.2,0,0,0
2025-09-04,2041,18.3,0.0,0,0,0
2025-09-05,1665,16.6,0.8,0,0,0
2025-09-06,3781,15.2,0.0,0,Groningen Ontzettend Nederlands Festival,0
2025-09-07,6334,18.8,0.0,0,0,0
